Unnamed: 0,etfruit,eatveg,cgtsmok,alcfreq,slprl,paccnois,bmi,dosprt,hltprhc
3852,4,3,3,4,2,0,19.29130780005823,0,0
5367,3,4,1,2,3,0,21.335695844378705,0,1
8757,5,3,1,1,4,0,23.44447012739596,7,0
15210,3,3,6,6,2,0,25.282323002731413,1,0
18517,5,4,2,7,1,0,19.307468212706663,3,0
22995,2,2,1,2,4,0,26.688183304929083,0,0
26527,2,3,5,4,1,0,27.809501302821285,4,0
26993,2,3,6,3,1,0,20.12192299265412,2,0
37216,6,4,1,1,1,0,25.99776700066431,0,1
