model,threshold,stopping_threshold,n_queries,total_cfs_generated,valid_cfs,validity_rate,query_success_rate,avg_gower_distance,avg_features_changed,avg_gen_time_sec
RF,highthres,0.9,9,84,35,0.4166666666666667,1.0,0.9460542857142856,2.4285714285714284,2.6455555555555557
RF,lowthres,0.1,9,61,31,0.5081967213114754,1.0,0.9494903225806451,2.2580645161290325,2.655555555555556
RF,midthres,0.5,9,90,34,0.37777777777777777,0.8888888888888888,0.9402499999999999,2.264705882352941,2.604444444444445
XGB,highthres,0.9,9,82,47,0.573170731707317,0.7777777777777778,0.9272936170212769,2.3191489361702127,1.0444444444444443
XGB,lowthres,0.1,9,69,39,0.5652173913043478,0.7777777777777778,0.9401128205128203,2.358974358974359,1.098888888888889
XGB,midthres,0.5,9,90,42,0.4666666666666667,0.8888888888888888,0.9227880952380952,2.357142857142857,1.0455555555555553
