idx,cf_id,gower_distance
0,cf_1,0.03142174432497011
1,cf_9,0.06296296296296296
2,cf_1,0.04489247311827959
3,cf_3,0.05905017921146954
4,cf_2,0.0992831541218638
5,cf_3,0.020788530465949792
6,cf_1,0.030286738351254474
7,cf_3,0.04345878136200718
8,cf_1,0.0385304659498208
