idx,cf_id,gower_distance
0,cf_9,0.1669130327666913
1,cf_2,0.06878306878306878
2,cf_6,0.12975281267964198
3,cf_12,0.03740658618707401
4,cf_1,0.0
5,cf_5,0.06984126984126984
6,cf_3,0.024390243902439032
7,cf_7,0.005912786400591284
8,cf_8,0.2448879034244888
