idx,cf_id,gower_distance
0,cf_1,0.0020598570216890607
1,cf_2,0.0962962962962963
2,cf_2,0.20382487176380307
3,cf_3,0.03538107354901246
4,cf_9,0.12777777777777777
5,cf_1,0.0
6,cf_4,0.03974312371258939
7,cf_3,0.01962922573609598
8,cf_1,0.03622924996970802
